Name of your department or Course,cgpa,non_stem_count,year,Adjusting my learning style for non-STEM courses is more challenging than for STEM courses. (Switching Cost),Switching focus from STEM to non-STEM subjects is mentally exhausting. (Switching Cost),"Non-STEM courses improve my soft skills, such as communication and critical thinking. (Switching Benefit)",Studying non-STEM subjects broadens my overall perspective on learning.,Non-STEM courses significantly increase my academic workload. (Work Overload),Managing both STEM and non-STEM courses is challenging. (Work Overload),I am unsure how non-STEM courses contribute to my academic goals. (Role Ambiguity),I struggle to see the practical application of non-STEM subjects compared to STEM subjects. (Role Ambiguity),Balancing non-STEM and STEM coursework leaves me with less time for personal activities. (Work–Home Conflict),I feel that non-STEM courses are a waste of my time compared to STEM courses. (General Grumbling),"Courses in the humanities (e.g., literature, philosophy) are unnecessary for STEM students.","Social science courses (e.g., sociology, psychology) seem less relevant to my field than STEM subjects.""",I believe non-STEM courses are valuable despite their challenges. (Willingness),I am open to integrating lessons from non-STEM courses into my academic work.  (Willingness),I will likely apply the knowledge I gain from non-STEM courses in my personal or professional life. (Long-Term Adoption),Which non-STEM courses have been most beneficial to you and why?,What challenges have you faced balancing STEM and non-STEM coursework?,Your perspective on STEM versus non-STEM courses. ,gender,cgpa_numeric,year_numeric,non_stem_count_numeric,gender_encoded
CSE (STEM),3.50-3.75,4,4,Strongly agree,Strongly agree,Strongly disagree,Disagree,Strongly agree,Strongly agree,Strongly agree,Strongly agree,Strongly agree,Strongly agree,Strongly agree,Strongly agree,Agree,Strongly agree,Neutral,"Accounting, it was very helpful for calculating any business evaluation",I was not good in STEAM course due to non-STEAM courses,non-STEAM course have no value for my sector specially in CSE,No Response,3.625,4.0,4.0,Other
CSE (STEM),Less than 2.5,About 10,4th year,Strongly disagree,Disagree,Strongly agree,Strongly agree,Disagree,Disagree,Disagree,Disagree,Disagree,Disagree,Disagree,Disagree,Agree,Agree,Agree,Bangladesh Studies,No challanges rather it refresh my mind,I think both are needed for a student.,No Response,2.25,4.0,10.0,Other
CSE (STEM),3.50-3.75,7,4th,Agree,Strongly agree,Agree,Neutral,Agree,Agree,Strongly agree,Strongly agree,Strongly agree,Neutral,Agree,Strongly agree,Disagree,Neutral,Agree,Finance & managerial accounting,Non STEM courses takes more time to study and memorise,Most of the non STEM courses were not necessary for my field. Some were impactful but some were unnecessary,No Response,3.625,4.0,7.0,Other
CSE (STEM),3.25-3.50,7,4th year,Strongly agree,Agree,Neutral,Agree,Agree,Agree,Agree,Neutral,Agree,Agree,Strongly agree,Strongly agree,Neutral,Agree,Neutral,English because it helped me to practice more about speaking listening writing and reading,I think STEM course can be understandable by thinking but non-Stem courses need to memories so that is difficult for me,I think STEM course are more effective than non-STEM courses,No Response,3.375,4.0,7.0,Other
CSE (STEM),2.5-3.00,7,4th,Disagree,Disagree,Strongly agree,Agree,Agree,Agree,Disagree,Disagree,Neutral,Disagree,Disagree,Neutral,Agree,Neutral,Agree,Bangladesh History And it's Dynasty's.,Remembering the date's.,non-STEM is important for STEM students to learn about other surrounding things.,No Response,2.75,4.0,7.0,Other
CSE (STEM),3.25-3.50,7,4,Agree,Neutral,Agree,Agree,Strongly agree,Strongly agree,Disagree,Agree,Strongly agree,Agree,Strongly agree,Neutral,Agree,Neutral,Strongly agree,Economics: to better understand how the economy actually works in my field,I faced imbalance of time during the study if mixture of subjects STEM and non-STEM subjects. As a result both courses didnot go well,Sten are needed the most where non-stem should have a minimum space to better understand the sideways,No Response,3.375,4.0,7.0,Other
CSE (STEM),2.5-3.00,5,4th,Agree,Agree,Neutral,Neutral,Strongly agree,Agree,Agree,Neutral,Agree,Agree,Agree,Agree,Agree,Agree,Neutral,"Accounting, Economics and English for their real-life applications.",Sometimes felt exhausted and boring when the lesson is already perceived before enrolling the courses.,"STEM courses are a must, non-STEM courses can be highly beneficial if they are effectively and efficiently integrated into the learning process of STEM courses.",No Response,2.75,4.0,5.0,Other
CSE (STEM),3.25-3.50,4,4,Agree,Agree,Neutral,Disagree,Agree,Strongly agree,Agree,Agree,Strongly agree,Agree,Agree,Strongly agree,Neutral,Neutral,Disagree,"English 1&2
 Improved my conference in speaking and writing",I have learn from the basic then answer  critical question in exam.,"Beside English  others courses are useless.
if i need to know about about economics & Bangladesh studies, only my course  outline wouldn't be enough.",No Response,3.375,4.0,4.0,Other
CSE (STEM),3.75-4.00,7,4th,Neutral,Agree,Neutral,Neutral,Strongly agree,Strongly agree,Strongly agree,Agree,Strongly agree,Neutral,Strongly agree,Agree,Neutral,Neutral,Neutral,"Financial and Managerial Accounting because I was interested in learning about accounting and finance. The coach was very friendly, and the topics of the course helped me gain knowledge about the businesses of organizations and companies.","STEM courses feel connected, but non-STEM ones do not.","Non-STEM subjects should be removed from the curriculum. Learning should come from personal willingness, not force.",No Response,3.875,4.0,7.0,Other
CSE (STEM),3.50-3.75,7,4th,Agree,Agree,Agree,Neutral,Agree,Agree,Disagree,Disagree,Agree,Disagree,Strongly agree,Neutral,Agree,Agree,Agree,"Financial and Managerial Accounting.
Bcz i help me to learn about the management of corporate area and how i can start my startup.",Concentration switching.,Some non-STEM course is necessary but some are useless.,No Response,3.625,4.0,7.0,Other
CSE (STEM),3.25-3.50,7,4,Agree,Neutral,Strongly agree,Agree,Strongly agree,Agree,Agree,Strongly agree,Strongly agree,Disagree,Agree,Agree,Agree,Neutral,Agree,Accounting and Economics for Financial and Economical management of personal life and work and money management.,Focusing on Non STEM courses which distracted me from focus on STEM courses which are more likely important for a STEM student.,STEM courses are essential for Engineering background student while Non STEM courses are optional for Technical student but definitely they can gain some knowledge from Non STEM course besides STEM courses which may improve one's personal growth.,No Response,3.375,4.0,7.0,Other
CSE (STEM),3.25-3.50,7,4th,Agree,Neutral,Agree,Agree,Neutral,Disagree,Agree,Agree,Neutral,Neutral,Agree,Agree,Agree,Neutral,Agree,"Accounting ,Economics",Learning,Both are necessary,No Response,3.375,4.0,7.0,Other
CSE (STEM),3.00-3.25,7,4 th year,Agree,Agree,Neutral,Agree,Strongly agree,Strongly agree,Agree,Agree,Strongly agree,Agree,Agree,Neutral,Neutral,Neutral,Agree,English.beacause for my higher studies english is required.and in university life english is spoken in lectures.,"Time management, recalling,after doing coding non stem subject seems hard to memorize.","While STEM fields create the technology and infrastructure , non-STEM fields provide the context, ethics, and creativity to use that technology effectively. For example, engineers design AI systems, but ethicists and philosophers help navigate their societal implications.",No Response,3.125,4.0,7.0,Other
CSE (STEM),3.25-3.50,8,4th,Agree,Agree,Neutral,Agree,Disagree,Neutral,Strongly agree,Strongly agree,Strongly agree,Strongly agree,Strongly agree,Strongly agree,Disagree,Strongly disagree,Agree,"Financial and Managerial Accounting.  I found having business knowledge is a must having skill for all. Dealing with money, bond,financial statements, business transaction can help an Engineer to saw a product or service from business perspective. Even it helps ones knowledge about the financial decision making. So i found this course worth it.",Some course i found unnecessary. Like arts of living. I bullshit. Waste of both time and money. Scam i would say. You can't teach a undergraduate student how to talk to your parents. This norms people in Bangladesh get from family and surroundings.,Core course at important to build someone to his goals. And most of the setm course ar worthless,No Response,3.375,4.0,8.0,Other
CSE (STEM),2.5-3.00,7,L4T1,Agree,Agree,Agree,Neutral,Strongly agree,Agree,Agree,Agree,Agree,Agree,Agree,Agree,Neutral,Neutral,Neutral,"Accounting, English ,",Extra pressure and extra money cost,I think we alredy select our main focus subject its cse after completing 12 years of general we alredy delvoped lot of basic and general knowledge form jsc ssc and hac so i think its better to focus on cour corse like international caricullam,No Response,2.75,4.0,7.0,Other
CSE (STEM),3.50-3.75,7,4,Agree,Neutral,Disagree,Disagree,Agree,Agree,Neutral,Agree,Agree,Agree,Strongly agree,Strongly disagree,Neutral,Disagree,Neutral,English,Sometime STEM & non-STEM course quiz appeared on same day then I can't give my proper attention to any course,"I think some non-STEM courses are really useful for me but they can be useless to others, and which is useful to other can be useless for me. So I think non-STEM courses should be optional and student can take as there preference.",No Response,3.625,4.0,7.0,Other
CSE (STEM),3.00-3.25,7,4th,Neutral,Agree,Disagree,Neutral,Agree,Agree,Agree,Agree,Agree,Agree,Neutral,Neutral,Disagree,Neutral,Neutral,"English, it helps me in developing my language skills","Kills my time, in which time i can develop my skill on stem courses",Not necessary,No Response,3.125,4.0,7.0,Other
CSE (STEM),3.00-3.25,7,4th,Agree,Agree,Agree,Agree,Agree,Agree,Agree,Neutral,Agree,Disagree,Agree,Agree,Neutral,Agree,Agree,"Philosophy for critical thinking, psychology for understanding behavior, history for context, and public speaking for communication. These skills enhance reasoning, awareness, and expression in any field.","Balancing STEM and non-STEM coursework can be challenging due to differing skill sets and workloads. STEM courses often require problem-solving and technical precision, while non-STEM courses emphasize critical thinking and extensive reading or writing. Managing time between rigorous calculations and deep analytical discussions can be difficult, especially when switching between logical and creative thinking. However, finding connections between disciplines helps maintain balance and enhances overall learning.","STEM and non-STEM courses develop different but complementary skills. STEM focuses on problem-solving, logic, and technical precision, while non-STEM strengthens critical thinking, communication, and creativity. Both are essential—STEM drives innovation, and non-STEM provides the context, ethics, and human perspective needed to apply technology meaningfully. A well-rounded education integrates both, leading to more adaptable and insightful individuals.",No Response,3.125,4.0,7.0,Other
CSE (STEM),2.5-3.00,7,4th year,Neutral,Strongly agree,Neutral,Agree,Strongly agree,Strongly agree,Strongly agree,Strongly agree,Strongly agree,Strongly agree,Neutral,Agree,Neutral,Disagree,Neutral,Accounting,My concentration divide that's why my result are low,We don't need non STAM courses,No Response,2.75,4.0,7.0,Other
CSE (STEM),3.50-3.75,7,2025,Disagree,Agree,Agree,Agree,Agree,Neutral,Agree,Neutral,Agree,Agree,Agree,Strongly agree,Neutral,Neutral,Agree,Economics and Accounting,Cannot  focus  properly my STEM course,Non STEM need but not mendetory for all type of subject but STEM important,No Response,3.625,2025.0,7.0,Other
CSE (STEM),3.25-3.50,6,2025,Neutral,Agree,Neutral,Neutral,Neutral,Neutral,Agree,Agree,Neutral,Neutral,Neutral,Disagree,Neutral,Neutral,Neutral,"Accounting, I learned  a lot of thing and enjoy to learn new topics..",When I am a cse students It's really hard to read Bangladesh study..it's totally different and sometimes annoying..,A few subject are good and some are annoying..,No Response,3.375,2025.0,6.0,Other
CSE (STEM),2.5-3.00,7,4th year,Neutral,Agree,Agree,Strongly agree,Agree,Agree,Neutral,Strongly disagree,Agree,Neutral,Neutral,Neutral,Agree,Agree,Agree,"These non-STEM disciplines complement technical skills by developing essential soft skills that can shape critical thinking, creativity, and emotional intelligence. They contribute to becoming a well-rounded individual capable of navigating complex, dynamic environments.","many students find that the mix of STEM and non-STEM courses provides a more well-rounded education, helping to develop both technical and soft skills. Effective time management, self-discipline, and finding ways to connect ideas across disciplines can help mitigate these difficulties.","Ultimately, combining both can lead to a more fulfilling and versatile education. Students who engage in both types of courses develop a wider range of skills—technical, creative, logical, and emotional—that can be applied across various industries and life situations.",No Response,2.75,4.0,7.0,Other
CSE (STEM),2.5-3.00,6,4th,Neutral,Disagree,Agree,Neutral,Agree,Agree,Neutral,Neutral,Agree,Disagree,Agree,Agree,Disagree,Neutral,Agree,"English 
(Because in this course we learn how to communicate with other in English)",In non-STEM course there were some tasks that could not be done in non-STEM courses.,STEM,No Response,2.75,4.0,6.0,Other
CSE (STEM),2.5-3.00,7,4th,Neutral,Disagree,Disagree,Disagree,Agree,Neutral,Agree,Agree,Neutral,Neutral,Disagree,Neutral,Disagree,Disagree,Neutral,"Non-STEM courses like Philosophy (critical thinking), History (contextual decision-making), Psychology (understanding behavior), Literature (communication skills), and Economics (decision-making and trade-offs) are highly beneficial. They enhance problem-solving, creativity, and interpersonal skills, which are valuable in any field.","Balancing STEM and non-STEM coursework is challenging due to different thinking styles—structured problem-solving in STEM vs. analytical reading and writing in non-STEM. Time management and shifting between these modes can be difficult, but combining both enhances critical thinking and communication skills.","STEM builds technical and analytical skills, while non-STEM enhances creativity and critical thinking. Together, they create a well-rounded, adaptable perspective.",No Response,2.75,4.0,7.0,Other
CSE (STEM),3.00-3.25,7,4,Agree,Strongly agree,Neutral,Disagree,Agree,Agree,Agree,Strongly agree,Neutral,Agree,Disagree,Agree,Neutral,Neutral,Agree,"Economics, because it's lean how to make overall county GDP, GNP etc 
and many others","Mainly focus my STEM course 
and also try to continue balancing non STEM",none,No Response,3.125,4.0,7.0,Other
CSE (STEM),3.50-3.75,5,Final Year (4th),Disagree,Disagree,Agree,Strongly agree,Agree,Agree,Agree,Strongly disagree,Strongly agree,Strongly disagree,Agree,Agree,Agree,Agree,Agree,Accounting. I've learned how to manage finances of an organization or company. I want to work on a startup. I hope that will help me,"From a perspective of a DIU student I don't feel any pressure for balancing my STEM and non-STEM course. But I think if I would have any non-STEM courses I will be more focusing on CS fundamental skills like CP, AI, Development and DevOps","Few of the Non STEM course was beneficial (Accounting, Art of Living, English) but courses like Bangladesh and Global Studies is not Beneficial at all. We have learned those in Highschool. We are learning it again but in English.",No Response,3.625,4.0,5.0,Other
CSE (STEM),Less than 2.5,7 courses,Level 4 Term 1,Agree,Agree,Agree,Agree,Agree,Agree,Disagree,Agree,Agree,Agree,Agree,Agree,Disagree,Disagree,Neutral,"Art of living,  I larn many things for living life peacefully",Time costing,"I think we Don't need non-STEM subject, we need to focus our STEM subject",No Response,2.25,4.0,7.0,Other
CSE (STEM),2.5-3.00,71,4,Neutral,Neutral,Agree,Agree,Neutral,Neutral,Strongly disagree,Disagree,Neutral,Strongly disagree,Strongly disagree,Neutral,Agree,Neutral,Neutral,Financial and Managerial Accounting	- From here I can learn a lot about business which is helpful for me.,I didn't find it a challenge because anything is possible to achieve good results if you do it right.,"I think there should be two types of courses, one where communication can be taught along with skills.",No Response,2.75,4.0,71.0,Other
CSE (STEM),3.50-3.75,9,4,Agree,Strongly agree,Neutral,Agree,Agree,Strongly agree,Agree,Agree,Strongly agree,Strongly agree,Neutral,Agree,Neutral,Agree,Agree,Accounting for money management and working professional,Maintain time for both STEM and non STEM courses is a big challange for me,STEM courses are mandatory for technical student while non STEM courses are optional for them.,No Response,3.625,4.0,9.0,Other
CSE (STEM),3.50-3.75,7,4th,Agree,Strongly agree,Disagree,Neutral,Strongly agree,Agree,Agree,Strongly agree,Agree,Agree,Agree,Agree,Disagree,Disagree,Neutral,"Economics – Help me to understand market trends, consumer behavior, and financial decision-making, which are crucial for busines.",Time management,I am not with non stem courses. I always prefer stem courses.,No Response,3.625,4.0,7.0,Other
CSE (STEM),3.25-3.50,7,4th,Neutral,Agree,Agree,Agree,Disagree,Disagree,Neutral,Agree,Agree,Neutral,Disagree,Disagree,Agree,Neutral,Agree,The non-stem course which was most beneficial to me is Accounting. It's a business studies related course.By attending this course I have gained more knowledge about how to do market analysis and also about many businesses related terms.,Time management and laziness.,From my point of view i would say it's a personal choice. This shouldn't be a must to study for everyone about the non-STEM courses,No Response,3.375,4.0,7.0,Other
CSE (STEM),3.75-4.00,7,4th,Agree,Agree,Agree,Agree,Agree,Agree,Disagree,Disagree,Agree,Agree,Agree,Agree,Agree,Disagree,Agree,"Finance & Managerial Accounting - I learned about the basics of accounting and Finance. It broaden my outlook how things work practically in the money management sector. It might be beneficial for me if somehow I got a job in management sector in the future. 

English - Improved my listening and speaking skills. In some extent, got to experience the IELTS exam practically.","Well, non-STEM courses are mostly memorizing based education. It was tough memorizing a lot of facts and then write them accordingly in the exams. Reading and understanding them is one thing. But, writing in the exam and getting a decent mark is another.","STEM courses are the fundamentals of how things work at the calculative level and practical level. 
Whether, non-STEM ones are mostly socialism, Humanitarian course.",No Response,3.875,4.0,7.0,Other
CSE (STEM),2.5-3.00,8,4th year,Neutral,Neutral,Neutral,Neutral,Agree,Strongly agree,Agree,Neutral,Neutral,Neutral,Agree,Neutral,Neutral,Agree,Agree,Accounting,It is not possible to give equal importance,No comment,No Response,2.75,4.0,8.0,Other
CSE (STEM),3.00-3.25,7,Final year,Neutral,Agree,Agree,Agree,Agree,Agree,Disagree,Disagree,Agree,Neutral,Disagree,Agree,Neutral,Agree,Agree,I believe Financial and Managerial Accounting is most beneficial,Non-STEM course like history requires a lot of memorising which I dislike,From my experience there's few non-STEM course that I think is useful for my field such as Financial and Managerial Accounting and other like history that I think is not relevant,No Response,3.125,,7.0,Other
CSE (STEM),3.50-3.75,7,4th year,Strongly agree,Agree,Neutral,Agree,Strongly agree,Strongly agree,Neutral,Strongly agree,Agree,Disagree,Neutral,Neutral,Agree,Agree,Agree,Art of living,Theoretical part ar most challenging to study.,More focused in stem courses .Conceptual knowledge is more important then theoretical learning.That are more essy to understandable.,No Response,3.625,4.0,7.0,Other
CSE (STEM),2.5-3.00,08,Final year,Neutral,Neutral,Agree,Neutral,Neutral,Neutral,Agree,Disagree,Disagree,Strongly disagree,Strongly disagree,Disagree,Agree,Agree,Agree,"Functional English and English spoken and Economics.. 
Functional English and Spoken English improved my communication, writing, and speaking skills, boosting confidence, clarity, and effectiveness in conversations.

Economics enhanced my understanding of market dynamics, decision-making, and resource management, which is valuable for both personal growth and business strategies","Balancing STEM and non-STEM coursework was challenging due to different learning approaches. STEM required technical focus, while non-STEM demanded creativity, making time management, adapting study methods, and maintaining consistency difficult.","STEM courses develop logical thinking, problem-solving, and technical skills essential for innovation, while non-STEM courses enhance creativity, communication, and critical thinking. A balance between both fosters a well-rounded perspective, preparing individuals for diverse real-world challenges and opportunities.",No Response,2.75,,8.0,Other
CSE (STEM),3.75-4.00,7,4th,Disagree,Strongly disagree,Strongly agree,Strongly agree,Strongly disagree,Disagree,Strongly disagree,Strongly disagree,Agree,Strongly disagree,Strongly disagree,Strongly disagree,Strongly agree,Strongly agree,Strongly agree,"Art of Living. Because it helps me to improve my social communication skills. That course and the course teacher helps me understand to talk with someone stranger or academically/socially superior than me is no hard task. In worst case scenario that person would shout at me, but chance of that is so narrow. Even this happens so what. I just need to asked that person forgive me and give some advice so that I do not repeat the same. This attitude changed me forever. Now I am more comfortable to talk with my teacher, advisors or any stranger.
Besides that, I also learned how a simple step by me can affect someone so strongly.

Overall this course was life changing for me.",Sometimes prerequisites of non-STEM subjects were not completed by me. So understanding those courses in early stages were difficult.,I believe student should not neglect non-STEM courses. And educator should teach those subjects more interestingly.,No Response,3.875,4.0,7.0,Other
CSE (STEM),3.00-3.25,6,4th,Disagree,Agree,Neutral,Agree,Agree,Agree,Disagree,Disagree,Agree,Agree,Agree,Agree,Neutral,Agree,Agree,History and accounting these courses have been most beneficial to me.,"If there are no non STEM Course, i focused on my Skills",Non STEM courses are necessary for us.,No Response,3.125,4.0,6.0,Other
CSE (STEM),3.00-3.25,7,4th,Disagree,Agree,Agree,Agree,Agree,Agree,Disagree,Disagree,Agree,Strongly disagree,Strongly disagree,Agree,Agree,Agree,Agree,English. improves communication and career benefit,"Different study method, Maintaining interest, Time management.","Stem focus on problem solving, logical reasoning and technical expertise.
Non- stem develops creativity communication cultural awareness.",No Response,3.125,4.0,7.0,Other
CSE (STEM),3.50-3.75,9,4th,Agree,Agree,Strongly agree,Strongly agree,Strongly agree,Agree,Disagree,Disagree,Agree,Disagree,Disagree,Disagree,Agree,Agree,Agree,"Accounting, English courses, Economics
This courses are based on real life needs. Economics and accounting courses were useful to understand financial things also it was beneficial for my steam courses. I also found the art of living course benificial because my course teacher used to give us psychological lessons which I feel made me more empathetic towardsothers.",Time management in case of quizes and assignments.,"We all know that stem courses are beneficial but non stem courses are also benificial because it enhances our outlook, perspectives, real life knowledge.",No Response,3.625,4.0,9.0,Other
CSE (STEM),3.75-4.00,7,4th,Agree,Strongly agree,Strongly agree,Strongly agree,Agree,Agree,Disagree,Neutral,Agree,Strongly disagree,Neutral,Strongly disagree,Strongly agree,Agree,Strongly agree,"Art of Living,I developed various soft skills that not only make me a better person but also enhance my ability to think differently.","Balancing STEM and non-STEM coursework was challenging for me, as non-STEM courses required extensive reading, and I struggled with managing my time effectively.","I believe non-STEM courses are just as important as STEM courses in our lives. However, they could be structured differently, such as focusing on non-STEM courses in the first two or three semesters before fully transitioning to STEM subjects. Many students are unaware of the benefits of non-STEM courses, so raising awareness should be a top priority.",No Response,3.875,4.0,7.0,Other
CSE (STEM),2.5-3.00,Seven,4th year,Neutral,Agree,Agree,Agree,Agree,Neutral,Neutral,Disagree,Disagree,Disagree,Disagree,Agree,Neutral,Disagree,Agree,"I thought that , without bangladesh studies course  all the course are beneficial for my side to using in real life . If we learn our real hostory and culture for the bd studies that time that course is more beneficial for all.","Some challenges, like  stem course are related for previous course , it teach from basic and leven zero , but non stem course are not same that , this course are different different studies. Some course are buisness related , some are cultural related , some are history , literature. One of the our course is art of living that can help me know how to belong in society, how to behibour and how to mane communication skills. So thats are different.",Its just for main job related learn and other activities.,No Response,2.75,4.0,,Other
CSE (STEM),3.50-3.75,8,4 th year,Neutral,Neutral,Agree,Agree,Agree,Agree,Agree,Agree,Agree,Strongly agree,Agree,Agree,Neutral,Neutral,Strongly agree,"I think, it is English course. From this course i learnt a lot. This course and course teacher taught me how to speak proficiently  and taught me many more things which i never done this before.","Ahh!! This was so challenging for me. Most of the time NON-STEM courses are organizing  bigger syllabus.To complete this or practice this it takes a  very long time. For this reason, i have isuues to maintain time for my STEM course.",A,No Response,3.625,4.0,8.0,Other
CSE (STEM),2.5-3.00,7,4th,Strongly agree,Strongly agree,Disagree,Strongly disagree,Strongly agree,Strongly agree,Agree,Strongly agree,Strongly agree,Strongly agree,Strongly agree,Agree,Disagree,Disagree,Neutral,Not any non-stem courses make me feel be,Non-stem courses drop our Cgpa and create more work load,I don't think that non-STEM courses are really needed for STEM students.This is totally a waste of money and time. It breaks down our workflow.,No Response,2.75,4.0,7.0,Other
CSE (STEM),3.50-3.75,7,4,Strongly disagree,Strongly disagree,Strongly agree,Neutral,Strongly agree,Agree,Strongly agree,Neutral,Neutral,Neutral,Neutral,Neutral,Neutral,Neutral,Neutral,English,Nothing,Non stem Good for CGPA,Male,3.625,4.0,7.0,Male
CSE (STEM),2.5-3.00,15,4th,Disagree,Agree,Neutral,Agree,Neutral,Strongly agree,Neutral,Agree,Agree,Agree,Agree,Agree,Neutral,Neutral,Neutral,Math,"Too much Pressure, time",No need some non-Steam courses.,Male,2.75,4.0,15.0,Male
CSE (STEM),3.25-3.50,7,Final,Strongly disagree,Strongly disagree,Strongly agree,Strongly agree,Disagree,Disagree,Agree,Neutral,Neutral,Disagree,Disagree,Disagree,Agree,Agree,Agree,Art of Living,Not really,Both are important,Female,3.375,,7.0,Female
CSE (STEM),2.5-3.00,10,4th,Disagree,Agree,Strongly agree,Agree,Agree,Agree,Neutral,Disagree,Neutral,Neutral,Neutral,Disagree,Disagree,Neutral,Disagree,Art of living,Workload,Both important in their own way,Male,2.75,4.0,10.0,Male
CSE (STEM),3.50-3.75,7,Fourth Year,Strongly agree,Strongly agree,Strongly disagree,Disagree,Neutral,Agree,Strongly disagree,Strongly agree,Strongly agree,Neutral,Strongly disagree,Strongly agree,Neutral,Agree,Strongly disagree,Art Of leaving. Beacuse Its help to improve my real life behaviour,Team collaboration,"From my perspective as a CSE student, STEM provides the tools and methods, while non-STEM provides the context and meaning. The future belongs to leaders who can integrate both—bridging data with diplomacy, algorithms with ethics, and innovation with inclusivity.",Male,3.625,,7.0,Male
CSE (STEM),3.25-3.50,7,4th,Strongly disagree,Disagree,Agree,Agree,Disagree,Disagree,Agree,Neutral,Neutral,Agree,Neutral,Agree,Agree,Neutral,Agree,"AOL, Taught us to talk openly with family",No challenges so far,Non-STEM helped me gain a good SGPA,Male,3.375,4.0,7.0,Male
CSE (STEM),3.25-3.50,7,4th,Neutral,Neutral,Agree,Agree,Disagree,Agree,Strongly disagree,Neutral,Agree,Agree,Neutral,Agree,Neutral,Neutral,Neutral,Accounting,Result grade less for the non-steam subject,Stem,Female,3.375,4.0,7.0,Female
CSE (STEM),2.5-3.00,7,4th,Agree,Neutral,Agree,Agree,Agree,Strongly agree,Agree,Agree,Neutral,Disagree,Neutral,Neutral,Disagree,Neutral,Disagree,Art of living,Yes,More Challenges,Male,2.75,4.0,7.0,Male
CSE (STEM),3.00-3.25,7,4th,Agree,Agree,Disagree,Neutral,Agree,Agree,Neutral,Agree,Agree,Agree,Agree,Agree,Disagree,Neutral,Agree,Art of living,I faced overload..Thats it,Non Stem courses are just like cardamom in Biriyani,Male,3.125,4.0,7.0,Male
CSE (STEM),3.75-4.00,7,4,Disagree,Disagree,Agree,Disagree,Agree,Neutral,Disagree,Disagree,Disagree,Disagree,Strongly disagree,Disagree,Agree,Agree,Agree,"Finance and Accounting, this course helped me understanding the financial cycle of a business, how this works. This is important to know to mange money in real life.",Not that much struggle. But sometimes it became a bit time consuming to do better in non-STEM courses.,Both are important in life,Male,3.875,4.0,7.0,Male
CSE (STEM),3.25-3.50,7,4th,Neutral,Neutral,Strongly agree,Neutral,Agree,Agree,Neutral,Neutral,Agree,Neutral,Disagree,Disagree,Neutral,Neutral,Agree,"English(1,2), Art of living also History courses. I think basic knowledge about these topics are needed for every student.",Time management,All are needed I think.,Female,3.375,4.0,7.0,Female
CSE (STEM),3.75-4.00,7,4th Year,Agree,Agree,Strongly agree,Agree,Agree,Agree,Neutral,Agree,Strongly agree,Strongly agree,Strongly agree,Agree,Neutral,Agree,Disagree,"I think Art of Living course is Beneficial l. because The Art of Living course helps CS students reduce stress, improve focus, boost creativity, and build soft skills. I also learned how to think out of the box, and how to maintain etiquette and professionalism.","Balancing STEM and non-STEM coursework is challenging because it requires managing different learning styles, heavy time demands, and shifting between logical problem-solving and creative critical thinking.","Both are equally important-STEM gives the tools to build solutions, and non-STEM provides the perspective to apply them effectively in real life.",Male,3.875,4.0,7.0,Male
CSE (STEM),3.75-4.00,7,4th Year,Strongly agree,Agree,Strongly agree,Strongly agree,Agree,Agree,Disagree,Agree,Agree,Disagree,Disagree,Agree,Agree,Agree,Agree,"English, it improve my English communication skill.","Because of too much theory, it takes time for memorize.",It is important for improve non technical side.,Female,3.875,4.0,7.0,Female
CSE (STEM),2.5-3.00,50 approximately,4rth,Agree,Agree,Agree,Agree,Neutral,Agree,Disagree,Agree,Neutral,Disagree,Agree,Agree,Agree,Agree,Agree,Art of living. It learnt us the art of living.,I couldn't find interest on non STEM courses.,STEM courses are more important than non STEM courses,Female,2.75,4.0,50.0,Female
CSE (STEM),3.25-3.50,7,4th,Neutral,Neutral,Neutral,Disagree,Agree,Agree,Neutral,Agree,Neutral,Disagree,Strongly disagree,Disagree,Agree,Neutral,Neutral,Art of Living,Time management,both are necessary according to my perspective,Male,3.375,4.0,7.0,Male
CSE (STEM),3.75-4.00,7,4th year,Agree,Agree,Agree,Agree,Agree,Strongly agree,Agree,Agree,Agree,Agree,Agree,Neutral,Neutral,Neutral,Agree,"The Art of Living course was most beneficial to me because it improved my stress management, self-awareness, and communication skills, which support both my personal well-being and professional growth.","STEM needs heavy practice and problem-solving, while non-STEM requires more reading and reflection, so balancing both can be tough.","STEM builds technical skills, and non-STEM develops creativity and communication—together they make learning more balanced.",Female,3.875,4.0,7.0,Female
CSE (STEM),3.75-4.00,7,4th,Strongly disagree,Neutral,Agree,Strongly agree,Strongly agree,Neutral,Neutral,Agree,Strongly agree,Disagree,Disagree,Agree,Neutral,Neutral,Agree,English.Becuses ielts module related exam,STEM Course  not focused,Improve my non technical site,Female,3.875,4.0,7.0,Female
CSE (STEM),3.25-3.50,7,4th,Agree,Neutral,Agree,Agree,Agree,Agree,Disagree,Agree,Agree,Disagree,Disagree,Agree,Agree,Agree,Neutral,"Art of living
It enriched my ethical values.",The main challenge for me was time management.,"STEM builds technical knowledge, while non-STEM develops soft skills and creativity.",Male,3.375,4.0,7.0,Male
CSE (STEM),2.5-3.00,7,4,Agree,Agree,Disagree,Strongly disagree,Strongly agree,Neutral,Strongly agree,Strongly disagree,Strongly disagree,Strongly agree,Agree,Strongly agree,Agree,Strongly disagree,Strongly disagree,Null,0,-,Male,2.75,4.0,7.0,Male
CSE (STEM),3.75-4.00,7,4th Year,Agree,Neutral,Neutral,Neutral,Agree,Neutral,Agree,Neutral,Agree,Agree,Agree,Agree,Agree,Neutral,Agree,,Several,Useless,Male,3.875,4.0,7.0,Male
CSE (STEM),2.5-3.00,7,Forth year,Disagree,Disagree,Agree,Neutral,Neutral,Neutral,Agree,Disagree,Disagree,Agree,Disagree,Neutral,Strongly disagree,Disagree,Neutral,Art of Living,Team imbalance,,Male,2.75,,7.0,Male
CSE (STEM),3.50-3.75,7,4th year,Neutral,Strongly agree,Agree,Neutral,Strongly agree,Strongly agree,Strongly agree,Strongly agree,Strongly agree,Strongly agree,Strongly agree,Strongly agree,Strongly disagree,Strongly disagree,Neutral,Accounting,Time consuming,...,Male,3.625,4.0,7.0,Male
CSE (STEM),3.00-3.25,7,4th,Strongly disagree,Strongly disagree,Strongly disagree,Strongly disagree,Neutral,Neutral,Neutral,Neutral,Neutral,Neutral,Neutral,Neutral,Neutral,Neutral,Neutral,Best.. Many things,Ok,Ok,Female,3.125,4.0,7.0,Female
CSE (STEM),3.00-3.25,7,4th,Neutral,Agree,Neutral,Neutral,Disagree,Neutral,Agree,Agree,Agree,Agree,Neutral,Agree,Agree,Neutral,Agree,Accountings,Time consuming,...,Male,3.125,4.0,7.0,Male
CSE (STEM),2.5-3.00,7,3,Agree,Agree,Agree,Agree,Neutral,Agree,Neutral,Agree,Agree,Neutral,Disagree,Disagree,Agree,Agree,Neutral,Critical Skill,Time management,"Strength: They emphasize critical thinking, communication, creativity, and cultural understanding.",Male,2.75,3.0,7.0,Male
CSE (STEM),3.00-3.25,7,4th,Neutral,Agree,Agree,Agree,Agree,Agree,Agree,Agree,Agree,Neutral,Agree,Neutral,Agree,Neutral,Agree,Art of living,Work load,Non-STEM are important and Non-STEM are not that important to my career goal but in life lesson.,Male,3.125,4.0,7.0,Male
CSE (STEM),3.25-3.50,7,4th,Strongly disagree,Disagree,Neutral,Neutral,Agree,Agree,Neutral,Neutral,Agree,Neutral,Neutral,Agree,Agree,Agree,Agree,Art of Living because i learned about somthing about manner and etiquettes which i did not know about,Less personal time,Neutral,Male,3.375,4.0,7.0,Male
CSE (STEM),3.00-3.25,7,4,Neutral,Agree,Disagree,Disagree,Agree,Strongly agree,Neutral,Neutral,Agree,Agree,Disagree,Agree,Neutral,Disagree,Neutral,"Economics,  because it helped me to know about the business world.  How it works everything.",CG kom asce ☹️,STEM courses are helpful for the filed i wanna study.  But non stem is not helping fully.  Just killing time mostly.,Female,3.125,4.0,7.0,Female
CSE (STEM),3.75-4.00,7,8,Neutral,Neutral,Agree,Neutral,Agree,Strongly agree,Strongly agree,Neutral,Strongly agree,Neutral,Neutral,Neutral,Agree,Neutral,Neutral,Accounting,Understanding the structure of the courses and their implementation,No idea,Male,3.875,8.0,7.0,Male
CSE (STEM),3.00-3.25,7,4th year,Neutral,Neutral,Neutral,Neutral,Neutral,Neutral,Neutral,Neutral,Neutral,Neutral,Neutral,Neutral,Neutral,Neutral,Neutral,Art of living,No challenges. I enjoyed both.,Very useful,Female,3.125,4.0,7.0,Female
CSE (STEM),3.25-3.50,7,4th,Disagree,Neutral,Agree,Neutral,Neutral,Agree,Neutral,Disagree,Neutral,Disagree,Neutral,Disagree,Agree,Agree,Agree,Accounting,No,Neutral,Male,3.375,4.0,7.0,Male
CSE (STEM),2.5-3.00,8,4th,Neutral,Neutral,Neutral,Neutral,Neutral,Neutral,Neutral,Agree,Neutral,Neutral,Neutral,Neutral,Agree,Agree,Agree,Art of living,Time Management and Workload,"big challenge was simply managing my time. My STEM classes had a constant, daily grind—a new problem set every week, a lab report due, and frequent quizzes.
My non-STEM classes, on the other hand, had fewer assignments, but they were much larger and more critical.",Male,2.75,4.0,8.0,Male
CSE (STEM),3.75-4.00,7,4th,Disagree,Agree,Agree,Agree,Strongly agree,Agree,Agree,Agree,Agree,Agree,Strongly agree,Agree,Agree,Agree,Agree,"English, Accounting, Economics",Time management,Non-stem helps to critical thinking but increase overload,Male,3.875,4.0,7.0,Male
CSE (STEM),2.5-3.00,7,4th,Agree,Neutral,Neutral,Agree,Agree,Agree,Agree,Agree,Agree,Agree,Agree,Agree,Agree,Agree,Agree,Art of living for improve atiqute,Time management,Stem more important for developed skilled and non stem improve knowledge,Male,2.75,4.0,7.0,Male
CSE (STEM),3.25-3.50,7,4th,Agree,Agree,Neutral,Agree,Strongly agree,Agree,Disagree,Disagree,Agree,Agree,Strongly agree,Strongly agree,Agree,Neutral,Agree,Economics,Personal time,Some of the courses are irrelevant,Male,3.375,4.0,7.0,Male
CSE (STEM),3.00-3.25,7,2025,Agree,Agree,Strongly agree,Agree,Neutral,Neutral,Disagree,Agree,Agree,Strongly agree,Disagree,Strongly agree,Agree,Disagree,Neutral,Discrete Math...Coz it is easier than others,Cgpa fact,Goods,Male,3.125,2025.0,7.0,Male
CSE (STEM),3.25-3.50,7,4,Agree,Strongly agree,Disagree,Strongly agree,Agree,Strongly agree,Agree,Strongly agree,Strongly agree,Strongly agree,Strongly agree,Strongly agree,Disagree,Strongly disagree,Strongly disagree,Accounting.,CG kom ase 😑,STEM courses are helpful for the filed i wanna study.  But non stem is not helping fully.  Just killing time mostly.,Male,3.375,4.0,7.0,Male
CSE (STEM),3.50-3.75,7,4th,Agree,Neutral,Neutral,Disagree,Neutral,Agree,Agree,Neutral,Disagree,Disagree,Agree,Neutral,Neutral,Neutral,Neutral,Art of living,No challenges.. Enjoyed both,Very useful,Female,3.625,4.0,7.0,Female
CSE (STEM),3.25-3.50,7,L4T1,Agree,Agree,Neutral,Neutral,Neutral,Agree,Strongly agree,Agree,Neutral,Agree,Neutral,Neutral,Neutral,Neutral,Agree,Ged,No idea,No ieda,Male,3.375,4.0,7.0,Male
CSE (STEM),2.5-3.00,7,4,Neutral,Agree,Neutral,Agree,Neutral,Agree,Agree,Neutral,Strongly agree,Agree,Neutral,Agree,Agree,Neutral,Strongly disagree,Accounting,No idea,No idea,Male,2.75,4.0,7.0,Male
CSE (STEM),2.5-3.00,7,4th,Neutral,Disagree,Strongly disagree,Neutral,Disagree,Neutral,Disagree,Neutral,Disagree,Neutral,Neutral,Neutral,Neutral,Neutral,Neutral,No idea,No idea,No idea,Male,2.75,4.0,7.0,Male
CSE (STEM),3.25-3.50,7,4th year,Neutral,Agree,Neutral,Neutral,Disagree,Agree,Neutral,Agree,Disagree,Agree,Neutral,Neutral,Agree,Neutral,Neutral,"Economics
Accounting","The biggest challenges are time management (STEM courses often demand heavy problem sets and labs, while non-STEM classes require lots of reading and writing), switching mindsets (analytical vs. interpretive/creative thinking), and prioritization (balancing grades in rigorous STEM with the desire to explore non-STEM interests).","technical skills, while non-STEM courses build creativity, communication, and an understanding of people and society. Both complement each other — STEM drives innovation, and non-STEM ensures that innovation is meaningful, ethical, and accessible",Female,3.375,4.0,7.0,Female
CSE (STEM),3.50-3.75,7,24,Agree,Agree,Agree,Agree,Agree,Agree,Agree,Agree,Agree,Agree,Agree,Neutral,Agree,Agree,Agree,'M,M,M,Male,3.625,24.0,7.0,Male
CSE (STEM),2.5-3.00,7,3rd,Neutral,Neutral,Neutral,Neutral,Strongly agree,Strongly agree,Strongly agree,Strongly agree,Neutral,Neutral,Neutral,Neutral,Neutral,Neutral,Neutral,"No,cuz it have no values and also hard to remember thats all it have no effect on us",Workload huge,Nop,Male,2.75,3.0,7.0,Male
CSE (STEM),2.5-3.00,7,3rd,Neutral,Neutral,Neutral,Neutral,Neutral,Agree,Neutral,Agree,Neutral,Neutral,Neutral,Neutral,Agree,Agree,Agree,Y,no,no,Male,2.75,3.0,7.0,Male
CSE (STEM),3.00-3.25,7,3rd,Strongly disagree,Disagree,Strongly disagree,Disagree,Strongly disagree,Agree,Disagree,Disagree,Neutral,Strongly disagree,Strongly agree,Disagree,Agree,Neutral,Disagree,Hm,Hm,No,Female,3.125,3.0,7.0,Female
CSE (STEM),3.25-3.50,6,3rd,Neutral,Neutral,Neutral,Neutral,Agree,Strongly agree,Agree,Neutral,Neutral,Neutral,Neutral,Neutral,Neutral,Neutral,Neutral,Arts of living,Many challenges,Nothing much.,Female,3.375,3.0,6.0,Female
CSE (STEM),3.00-3.25,5,3rd (L3T3),Neutral,Neutral,Neutral,Neutral,Agree,Neutral,Neutral,Agree,Neutral,Neutral,Neutral,Neutral,Agree,Neutral,Neutral,Non-STEM courses like psychology and philosophy helped me understand people and think differently.,It's hard to manage time between intense STEM classes and reading-heavy non-STEM courses.,"STEM teaches problem-solving, but non-STEM helps with creativity and communication.",Male,3.125,3.0,5.0,Male
CSE (STEM),3.25-3.50,7,3rd,Neutral,Neutral,Agree,Neutral,Neutral,Agree,Disagree,Neutral,Strongly agree,Disagree,Neutral,Neutral,Agree,Neutral,Agree,Accounting,Time Consuming,STEM course comparatively Easy Than non-STEM course,Male,3.375,3.0,7.0,Male
CSE (STEM),2.5-3.00,76,L3T3,Neutral,Neutral,Neutral,Neutral,Neutral,Neutral,Neutral,Neutral,Neutral,Neutral,Neutral,Neutral,Neutral,Neutral,Neutral,English,By Sleeping,,Male,2.75,3.0,76.0,Male
CSE (STEM),2.5-3.00,6,3rd,Neutral,Neutral,Neutral,Neutral,Neutral,Neutral,Neutral,Neutral,Neutral,Neutral,Neutral,Neutral,Neutral,Neutral,Neutral,Art of Living. Cause it is real life related,Mark adjustment,"STEM courses focus on science, technology, engineering, and math to build logical and technical skills, while non-STEM courses develop creativity, communication, and critical thinking in other fields.",Male,2.75,3.0,6.0,Male
CSE (STEM),3.00-3.25,6,3,Agree,Agree,Neutral,Agree,Agree,Agree,Agree,Agree,Agree,Agree,Agree,Agree,Neutral,Neutral,Neutral,BNS,Time management,Null,Male,3.125,3.0,6.0,Male
CSE (STEM),3.25-3.50,6,3rd,Agree,Neutral,Neutral,Neutral,Agree,Agree,Neutral,Neutral,Neutral,Neutral,Neutral,Neutral,Neutral,Neutral,Neutral,"Accounting, Learn about accounting which helps to do business",Difficult to manage both courses as they are completely different .,"Stem courses are compulsory and beneficial to us .
But non stem courses are waste of time (in my opinion)",Female,3.375,3.0,6.0,Female
CSE (STEM),3.00-3.25,6,3rd,Agree,Neutral,Agree,Neutral,Neutral,Neutral,Agree,Agree,Neutral,Agree,Agree,Neutral,Neutral,Agree,Agree,10000,No,Yes,Male,3.125,3.0,6.0,Male
CSE (STEM),3.50-3.75,6,3rd,Neutral,Agree,Neutral,Neutral,Strongly agree,Agree,Neutral,Strongly agree,Neutral,Disagree,Strongly agree,Strongly agree,Neutral,Neutral,Strongly agree,Art of living,Noth that much,Important vs less important,Male,3.625,3.0,6.0,Male
CSE (STEM),3.50-3.75,6,L3T3,Agree,Agree,Agree,Agree,Neutral,Neutral,Neutral,Strongly disagree,Strongly disagree,Strongly agree,Strongly disagree,Strongly agree,Strongly agree,Strongly agree,Strongly agree,Accounting,Mostly theory an CG killer,Non-stem is waste of money and time,Male,3.625,3.0,6.0,Male
CSE (STEM),3.75-4.00,6,3rd Year,Neutral,Neutral,Neutral,Neutral,Neutral,Neutral,Neutral,Neutral,Neutral,Neutral,Neutral,Neutral,Neutral,Neutral,Neutral,"Arts of living because i learn about ethics,manner.",I faced no challenges,All course are equally important,Female,3.875,3.0,6.0,Female
CSE (STEM),3.50-3.75,6,3rd,Agree,Neutral,Agree,Neutral,Agree,Strongly agree,Neutral,Neutral,Agree,Disagree,Neutral,Agree,Neutral,Agree,Agree,Financial and Managerial Accounting,Time management,Maybe It's depends on the course outcome,Female,3.625,3.0,6.0,Female
CSE (STEM),3.75-4.00,6,3 rd year,Agree,Neutral,Disagree,Neutral,Agree,Agree,Neutral,Disagree,Agree,Neutral,Neutral,Agree,Neutral,Neutral,Agree,Financial And Managerial Accounting,Time Management,I think some Non STEM courses has benefits but some of them has a little bit benefits.,Male,3.875,3.0,6.0,Male
CSE (STEM),2.5-3.00,6,3rd,Agree,Agree,Neutral,Disagree,Strongly agree,Strongly agree,Disagree,Disagree,Agree,Disagree,Strongly agree,Strongly agree,Neutral,Disagree,Strongly agree,"I think English is the most beneficial. Because almost 80% students have completed their HSC in Bangla Medium. But in university, we have to complete our degree in English medium. That's why it's the most important.","In non-stem coursework, sometimes we face extra pressure.",We should take the non-stem courses lightly compered to stem courses.,Male,2.75,3.0,6.0,Male
CSE (STEM),3.00-3.25,6,3rd year,Agree,Agree,Agree,Strongly agree,Agree,Agree,Agree,Agree,Agree,Disagree,Strongly disagree,Disagree,Strongly agree,Strongly agree,Strongly agree,"Courses like English Literature and Communication Skills have been most beneficial to me because they improved my ability to express ideas clearly, both in writing and speaking.",Balancing STEM and non-STEM coursework can be challenging due to differences in learning styles and workload.,"STEM courses provide technical knowledge and problem-solving skills that are essential for my field, while non-STEM courses develop critical thinking, communication, and interpersonal skills.",Male,3.125,3.0,6.0,Male
CSE (STEM),3.25-3.50,6,3rd year,Neutral,Neutral,Agree,Agree,Strongly agree,Agree,Agree,Agree,Agree,Agree,Agree,Neutral,Agree,Agree,Agree,Art of living. This course teach me how to behave good and ethics.,Something I can not manage time to study both.,"STEM builds problem-solving and technical skills, while non-STEM develops creativity, communication, and critical thinking. A balance of both creates well-rounded, adaptable individuals.",Male,3.375,3.0,6.0,Male
CSE (STEM),3.50-3.75,6,L3T3 ( 3rd year final sem ),Disagree,Neutral,Strongly agree,Agree,Agree,Agree,Disagree,Agree,Agree,Strongly disagree,Agree,Agree,Agree,Neutral,Agree,"BNS, Art of Living",Different topic & course outline.,"STEM advances technology, non-STEM advances humanity. Both are necessary.",Male,3.625,3.0,6.0,Male
CSE (STEM),3.00-3.25,6,3rd,Neutral,Neutral,Neutral,Neutral,Neutral,Neutral,Neutral,Neutral,Neutral,Neutral,Neutral,Neutral,Neutral,Neutral,Neutral,Accounting,Time management,No comments,Female,3.125,3.0,6.0,Female
CSE (STEM),2.5-3.00,6,3rd,Neutral,Neutral,Agree,Agree,Agree,Agree,Neutral,Neutral,Agree,Neutral,Agree,Agree,Neutral,Neutral,Agree,It was Art of leaving Course which was beneficial i can say .Because it helps to build our own mindset through ethics and also it help us to gain professionals mindset.,More pressurel and efforts need to completing syllabus,"Maybe its helpful for gain   out knowlegde   
which is important   beside  STEM course .",Female,2.75,3.0,6.0,Female
CSE (STEM),3.75-4.00,6,3rd year.,Strongly agree,Strongly agree,Disagree,Agree,Agree,Strongly agree,Neutral,Agree,Strongly agree,Neutral,Agree,Disagree,Agree,Agree,Agree,"Statistics and probability and engineering mathematics , because it helps with my main carrier focus of AI and deep learning.","The theoretical aspects of the non-STEM courses are bit lengthy and hard to remember for long term. Also, hampers the technical type learning of STEM course.","Normally, we only just learn STEM and NON-STEM course separately. But  if the NON- STEM course themselves included some STEM portions, and the use of them, then it will benefit us tremendously. Although, this normally happenes at the time of STEM courses , but by that time we forget most of the theory of the NON-STEM course, hence can't relate them correctly.",Male,3.875,3.0,6.0,Male
CSE (STEM),3.50-3.75,6,3rd,Agree,Neutral,Neutral,Neutral,Agree,Agree,Neutral,Neutral,Agree,Neutral,Agree,Agree,Neutral,Neutral,Neutral,English. Because of language,Null,Null,Female,3.625,3.0,6.0,Female
CSE (STEM),Less than 2.5,6,3rd,Neutral,Neutral,Agree,Agree,Agree,Agree,Disagree,Disagree,Agree,Strongly disagree,Strongly disagree,Strongly disagree,Neutral,Agree,Agree,"English - I, II",I had to think differently in non STEM courses. Which made me overthink but I managed it somehow,STEM courses are more important than NON-STEM courses,Male,2.25,3.0,6.0,Male
CSE (STEM),3.50-3.75,6,Third Year level 3,Neutral,Neutral,Strongly agree,Agree,Neutral,Neutral,Neutral,Agree,Agree,Strongly disagree,Neutral,Neutral,Agree,Neutral,Agree,"The non-STEM course Art of Living has been most beneficial to me because it helped me develop stress management, emotional resilience, and communication skills that complement the problem-solving focus of STEM studies.",No,"STEM courses sharpen analytical and technical skills, while non-STEM courses broaden creativity, critical thinking, and personal growth, making both equally valuable.",Female,3.625,3.0,6.0,Female
CSE (STEM),3.25-3.50,6,3rd,Agree,Agree,Neutral,Disagree,Agree,Agree,Neutral,Agree,Strongly agree,Agree,Strongly agree,Agree,Agree,Disagree,Disagree,Art of living. Learned ethics and behavior,Couldn't give time for skill gain,Non STEM are unnecessary,Male,3.375,3.0,6.0,Male
CSE (STEM),3.00-3.25,6,3rd year,Disagree,Neutral,Strongly agree,Agree,Agree,Agree,Agree,Strongly agree,Strongly agree,Strongly agree,Strongly agree,Strongly agree,Agree,Strongly disagree,Strongly disagree,Art of living,Theocratically courses carry less mark but heavy task.,STEM course help me imagine and visualize my ability and skill.,Male,3.125,3.0,6.0,Male
CSE (STEM),3.75-4.00,6,3rd year( L3 T3),Strongly disagree,Neutral,Strongly agree,Strongly agree,Neutral,Agree,Disagree,Neutral,Agree,Neutral,Agree,Agree,Agree,Agree,Agree,AOL,Time management I guess!,"Both are important for a balanced society.
STEM focuses on how things work.
Non-STEM focuses on why things matter.",Male,3.875,3.0,6.0,Male
CSE (STEM),3.25-3.50,6,3,Disagree,Agree,Neutral,Neutral,Agree,Strongly agree,Agree,Agree,Agree,Strongly disagree,Strongly disagree,Strongly agree,Agree,Agree,Disagree,ART of Living,nothing,STEM is good,Female,3.375,3.0,6.0,Female
CSE (STEM),2.5-3.00,6,3,Neutral,Neutral,Agree,Neutral,Disagree,Agree,Agree,Agree,Agree,Agree,Agree,Strongly agree,Agree,Neutral,Neutral,"Complementary Nature: STEM and non-STEM courses are not mutually exclusive but can be highly complementary. Non-STEM skills like communication, critical thinking, and ethical reasoning enhance a STEM professional's ability to innovate, collaborate, and communicate their work effectively.
Holistic Education: A well-rounded education includes both types of courses, providing a broader understanding of the world and equipping individuals with diverse skill sets applicable in various contexts.
Career Relevance: While STEM courses provide technical expertise, non-STEM courses can offer valuable soft skills that are increasingly sought after in the professional world, regardless of the field","Time Management: Allocating sufficient time for demanding STEM courses while also dedicating effort to non-STEM assignments and readings.
Mental Shift: Transitioning between the analytical, problem-solving mindset required for STEM and the more interpretive, critical thinking approach often found in non-STEM subjects.
Prioritization: Deciding which courses to prioritize when deadlines for both types of coursework coincide.","Complementary Nature: STEM and non-STEM courses are not mutually exclusive but can be highly complementary. Non-STEM skills like communication, critical thinking, and ethical reasoning enhance a STEM professional's ability to innovate, collaborate, and communicate their work effectively.
Holistic Education: A well-rounded education includes both types of courses, providing a broader understanding of the world and equipping individuals with diverse skill sets applicable in various contexts.
Career Relevance: While STEM courses provide technical expertise, non-STEM courses can offer valuable soft skills that are increasingly sought after in the professional world, regardless of the field",Male,2.75,3.0,6.0,Male
CSE (STEM),2.5-3.00,6,3rd,Agree,Neutral,Agree,Strongly disagree,Strongly agree,Strongly agree,Strongly agree,Agree,Agree,Agree,Agree,Neutral,Disagree,Disagree,Neutral,English,Extra pressure,I strongly believe that i will learn the relevant things. Non stem course are extra pressure.,Male,2.75,3.0,6.0,Male
CSE (STEM),3.50-3.75,6,3rd,Neutral,Neutral,Agree,Neutral,Neutral,Agree,Agree,Neutral,Agree,Strongly disagree,Strongly disagree,Disagree,Agree,Neutral,Agree,Accounting,Time management,"STEM builds logic and problem-solving, while non-STEM develops creativity and communication. Together, they make learning balanced and complete.",Male,3.625,3.0,6.0,Male
CSE (STEM),3.00-3.25,6,3rd,Disagree,Disagree,Agree,Disagree,Agree,Neutral,Neutral,Agree,Agree,Disagree,Disagree,Disagree,Agree,Agree,Agree,art of living,statistics,nothing,Male,3.125,3.0,6.0,Male
CSE (STEM),2.5-3.00,6,3rd,Agree,Agree,Neutral,Agree,Agree,Strongly agree,Agree,Agree,Agree,Neutral,Agree,Agree,Neutral,Neutral,Agree,Art of living because in it we have done a social work which helps me to easily interact with different types of persons,Time management,If we want then we can do something better with bothes,Female,2.75,3.0,6.0,Female
CSE (STEM),3.25-3.50,6,Third,Neutral,Neutral,Neutral,Neutral,Agree,Agree,Neutral,Agree,Agree,Neutral,Disagree,Neutral,Agree,Neutral,Strongly agree,Accounting,Over pressure,essential,Male,3.375,,6.0,Male
CSE (STEM),3.50-3.75,6,3rd year,Disagree,Disagree,Agree,Agree,Disagree,Disagree,Disagree,Agree,Agree,Disagree,Agree,Disagree,Agree,Disagree,Agree,Art of Living,Nothing,Both are crucial,Male,3.625,3.0,6.0,Male
CSE (STEM),3.25-3.50,5,3rd,Neutral,Neutral,Neutral,Neutral,Strongly agree,Agree,Agree,Agree,Agree,Strongly agree,Strongly agree,Strongly agree,Neutral,Neutral,Neutral,"Among my non-STEM courses, Art of Living has been the most beneficial because it helped me improve my communication skills, teamwork, and stress management. These soft skills are essential not only for academic success but also for personal and professional growth. Bangladesh Studies was also very impactful, as it gave me a deeper understanding of my country's history, culture, and independence, which strengthened my sense of identity and responsibility.","The main challenge I faced was balancing the different styles of study required. STEM courses are more problem-solving and technical, while non-STEM courses often require critical thinking, memorization, and essay writing. Switching between these learning approaches was sometimes difficult and time-consuming. Managing deadlines for both types of coursework was also challenging, as STEM tasks usually needed practical work and non-STEM required extensive reading and writing.","I believe both STEM and non-STEM courses complement each other. STEM courses develop logical reasoning, problem-solving, and technical expertise, while non-STEM courses build creativity, communication, cultural awareness, and critical thinking. Together, they create a more well-rounded education. Instead of seeing them as separate, I see them as equally important in shaping both academic knowledge and life skills.",Male,3.375,3.0,5.0,Male
CSE (STEM),3.75-4.00,4,2025,Strongly agree,Agree,Agree,Neutral,Strongly agree,Strongly agree,Strongly agree,Agree,Agree,Strongly agree,Neutral,Strongly agree,Strongly disagree,Neutral,Agree,Arts of Living,Practical application,So so,Male,3.875,2025.0,4.0,Male
CSE (STEM),3.50-3.75,"English, art of living, Bangladesh studies",3rd,Neutral,Agree,Agree,Agree,Agree,Agree,Neutral,Agree,Agree,Neutral,Strongly agree,Agree,Neutral,Neutral,Agree,English,"Time, efforts both is hard to balance",STEM is better than non-STEM,Female,3.625,3.0,,Female
CSE (STEM),2.5-3.00,4,6th Semester,Strongly disagree,Strongly disagree,Strongly agree,Neutral,Strongly disagree,Strongly disagree,Agree,Disagree,Disagree,Strongly disagree,Strongly disagree,Strongly disagree,Agree,Agree,Agree,I have  completed 4 NON -STEM courses amoung them  Art of living & Bangladesh Studies was best. On Art of living I learn how to intereact & in Bangladesh Studies I learned about my country and some resourses.,I did not faced any challange to balance .,Non-STEM courses are also need on academic life.,Male,2.75,6.0,4.0,Male
CSE (STEM),2.5-3.00,4,3rd,Neutral,Agree,Agree,Neutral,Agree,Agree,Neutral,Agree,Agree,Disagree,Agree,Agree,Disagree,Neutral,Neutral,Art of living,Time balance in academic pressure,Neutral,Male,2.75,3.0,4.0,Male
CSE (STEM),2.5-3.00,2,3rd,Agree,Agree,Agree,Disagree,Neutral,Agree,Agree,Disagree,Disagree,Disagree,Disagree,Agree,Agree,Agree,Agree,"Art of Living 
It is a creative course where the teacher guides us on how to live with good manners and behave like mature individuals in every situation. The course was also really fun to do.","The problem is that STEM courses can be applied to real life and are easier to learn, while non-STEM courses are mostly theoretical.","STEM courses sharpen logical, technical, and problem-solving skills for innovation and industry.
Non-STEM courses build creativity, critical thinking, and cultural understanding that shape society.",Male,2.75,3.0,2.0,Male
CSE (STEM),3.00-3.25,Five,4th,Neutral,Neutral,Strongly agree,Agree,Agree,Agree,Neutral,Disagree,Agree,Agree,Neutral,Neutral,Agree,Agree,Agree,Eng101,Issues with managing courseworks,They definitely should be taught but with the right curriculum followed.,Male,3.125,4.0,,Male
CSE (STEM),2.5-3.00,6,3rd,Neutral,Strongly agree,Neutral,Neutral,Agree,Agree,Neutral,Agree,Strongly agree,Disagree,Neutral,Neutral,Neutral,Neutral,Strongly agree,"Art of leaving, Art of leaving course helped reduce stress, improve focus, and boost inner peace through breathing techniques",Time Management,Both are equally valuable.,Male,2.75,3.0,6.0,Male
CSE (STEM),3.00-3.25,15+,Third year third semester,Neutral,Agree,Strongly agree,Neutral,Neutral,Disagree,Agree,Strongly agree,Neutral,Neutral,Strongly agree,Agree,Neutral,Strongly agree,Neutral,Mathematics,Academic pressure and stress,"STEM Courses
Focus: Emphasizes mathematical and analytical skills to solve structured problems. 
Non-STEM Courses
Focus: Develops skills in communication, creativity, critical thinking, and people management.",Male,3.125,,15.0,Male
CSE (STEM),3.25-3.50,7,4th,Neutral,Agree,Agree,Neutral,Neutral,Neutral,Disagree,Agree,Agree,Agree,Agree,Neutral,Neutral,Neutral,Agree,"Writing lab reports, research papers, and project documentation is a huge part of STEM. These courses improve clarity, structure, and persuasive writing, which helps in both academic and professional settings.","STEM courses often rely on problem-solving, formulas, and step-by-step logic.

Non-STEM courses may require critical reading, essays, and abstract thinking.
Switching between the two can feel mentally tiring.","STEM courses are usually very structured, logic-driven, and centered on problem-solving. They build technical knowledge and analytical skills that are essential for engineering, medicine, computer science, and other scientific fields. I value STEM because it teaches precision, discipline, and the ability to apply theories to real-world problems.

On the other hand, non-STEM courses focus more on creativity, interpretation, and human expression. They encourage critical thinking, communication, and awareness of society, culture, and ethics. These skills are equally important because technical solutions often fail if they ignore human needs, cultural contexts, or ethical considerations.",Male,3.375,4.0,7.0,Male
CSE (STEM),3.00-3.25,I cant recall,4th year,Agree,Strongly agree,Agree,Neutral,Agree,Agree,Neutral,Neutral,Agree,Neutral,Agree,Disagree,Neutral,Agree,Agree,Economics. As it has Borden my intellect in the industry,Workload,Neurtral,Female,3.125,4.0,,Female
CSE (STEM),3.00-3.25,More than 5,4th year,Agree,Strongly agree,Neutral,Agree,Neutral,Agree,Disagree,Disagree,Neutral,Disagree,Disagree,Disagree,Neutral,Neutral,Agree,"Business course. Because business courses teaches me an extra curriculum and real-world usable experience, and i love to learn this course.",Take more times than STEM courses.,Effective in real-world.,Male,3.125,4.0,5.0,Male
CSE (STEM),Less than 2.5,3,3rd year,Neutral,Neutral,Agree,Agree,Neutral,Neutral,Neutral,Neutral,Disagree,Neutral,Agree,Agree,Neutral,Neutral,Neutral,"In ENG101, I have the opportunity to improve my English speaking skills, and I also learn about IELTS.",Balancing STEM and non-STEM coursework is challenging because STEM demands logical problem-solving while non-STEM requires creativity and critical thinking. Managing time and adapting to different learning styles often becomes difficult.,"STEM courses build analytical and technical skills, while non-STEM courses enhance creativity and communication. Together, they create a balanced foundation for personal and professional growth.",Female,2.25,3.0,3.0,Female
CSE (STEM),3.25-3.50,1,Fourth,Agree,Agree,Agree,Agree,Neutral,Agree,Agree,Agree,Neutral,Disagree,Disagree,Disagree,Agree,Agree,Agree,"Communications - Good for media, PR, and advertising.",Managing a high academic workload and the pressure to maintain a high GPA,STEM fields drive technological innovation while non-STEM fields contribute to societal development and creativity.,Male,3.375,,1.0,Male
CSE (STEM),3.50-3.75,8,3rd,Neutral,Neutral,Agree,Neutral,Agree,Agree,Neutral,Neutral,Agree,Neutral,Disagree,Agree,Neutral,Agree,Neutral,Statistics and Probability,Time,Non STEMs are comparatively easier,Male,3.625,3.0,8.0,Male
CSE (STEM),3.25-3.50,7,4th,Neutral,Neutral,Neutral,Neutral,Neutral,Neutral,Neutral,Neutral,Neutral,Neutral,Disagree,Agree,Agree,Neutral,Neutral,"Basic English have been the most beneficial to me because they improved my ability to express ideas clearly, think critically, and communicate effectively in both academic and professional settings.",The main challenge I faced was time management.,I believe both STEM and non-STEM courses are equally important.,Female,3.375,4.0,7.0,Female
CSE (STEM),3.25-3.50,7,4,Agree,Neutral,Agree,Agree,Agree,Neutral,Strongly agree,Agree,Agree,Agree,Agree,Agree,Neutral,Agree,Disagree,Nothing,Nothing,Nothing,Male,3.375,4.0,7.0,Male
CSE (STEM),Less than 2.5,4,0,Strongly disagree,Disagree,Strongly agree,Strongly agree,Strongly agree,Strongly disagree,Disagree,Neutral,Strongly disagree,Strongly disagree,Disagree,Disagree,Neutral,Neutral,Strongly disagree,Art of Living,***,***,Male,2.25,0.0,4.0,Male
CSE (STEM),3.00-3.25,7,4th,Neutral,Neutral,Agree,Neutral,Agree,Agree,Neutral,Neutral,Agree,Disagree,Neutral,Disagree,Neutral,Neutral,Agree,Digital electronics,sometimes,Neutral,Male,3.125,4.0,7.0,Male
CSE (STEM),2.5-3.00,6,3rd,Neutral,Agree,Agree,Agree,Agree,Agree,Agree,Neutral,Agree,Agree,Neutral,Agree,Agree,Agree,Neutral,Art of living,.,Good,Female,2.75,3.0,6.0,Female
CSE (STEM),3.25-3.50,Yes,3rd,Agree,Agree,Strongly agree,Strongly agree,Strongly agree,Agree,Neutral,Neutral,Strongly agree,Disagree,Disagree,Agree,Agree,Neutral,Agree,English,Assignments and presentations,I can't say that non-STEM courses are totally useless. It increase academic pressure. But it also have it's own benefits.,Male,3.375,3.0,,Male
CSE (STEM),2.5-3.00,2,3rd,Neutral,Disagree,Agree,Agree,Neutral,Agree,Agree,Agree,Strongly agree,Neutral,Strongly agree,Agree,Agree,Neutral,Agree,"Art of Living 
The  ""Art of Living"" course has helped me a lot. It taught me ways to manage stress and clear my mind. Because of it, I think more positively and can focus better. This has helped me in both my non-STEM and STEM courses. The breathing exercises and meditation are especially useful. They improve my concentration and overall well-being, letting me face challenges calmly and stay balanced.","Balancing STEM and non-STEM courses can be tricky. One big challenge is managing time. STEM classes need lots of time for problem-solving, labs, and understanding theories, while non-STEM classes, like ""Art of Living,"" focus more on thinking, discussion, and self-reflection. Handling both needs good planning.

Another challenge is the different ways of learning. STEM subjects are logical and numbers-based, while non-STEM subjects are more about ideas, creativity, and personal opinions. Adjusting to both styles and doing well in them can be hard.","I think STEM and non-STEM courses go hand in hand rather than clash. STEM courses teach problem-solving and analytical skills, which are important for innovation and technology. Non-STEM courses, like ""Art of Living,"" help develop soft skills such as communication, emotional understanding, critical thinking, and ethics. These are important for leadership, teamwork, and seeing the human side of science and technology.

A good education combines both STEM and non-STEM courses, helping students become skilled in technical areas while also understanding people and society, so they can solve problems with both logic and insight.",Female,2.75,3.0,2.0,Female
CSE (STEM),3.25-3.50,6,3rd year,Neutral,Neutral,Disagree,Disagree,Disagree,Disagree,Neutral,Agree,Neutral,Disagree,Agree,Disagree,Neutral,Disagree,Agree,Arts of living because it is beneficial for being a good human being.,Time management between them this subject.,I like them depending on there difficulty.,Female,3.375,3.0,6.0,Female
CSE (STEM),3.00-3.25,4,3rd,Neutral,Disagree,Disagree,Neutral,Agree,Agree,Strongly agree,Strongly agree,Agree,Agree,Strongly agree,Agree,Neutral,Neutral,Neutral,English 1st&2nd because somehow it helps me to improve my speaking and writing skills.,"I feel very unmotivated to study subjects like Bangladesh Studies and Art of Living. Honestly, I don't see how they are relevant to our field of computer science. They take up a lot of time to memorise, and because of that, I struggle to focus on my STEM-related subjects where my real interest and priorities lie.","From my perspective, STEM courses are directly connected to my career goals and future opportunities. They teach problem-solving, innovation, and practical skills that I can actually apply in the tech industry. On the other hand, non-STEM courses feel more like a formality — they don't align with my passion or long-term plans. While I understand they might have some value in building general knowledge or soft skills, I believe the heavy focus on them takes away valuable time that could be better spent mastering subjects that truly matter for my field.",Female,3.125,3.0,4.0,Female
CSE (STEM),2.5-3.00,5,3rd,Neutral,Agree,Neutral,Agree,Agree,Agree,Neutral,Agree,Neutral,Neutral,Disagree,Disagree,Agree,Agree,Agree,"Physiology, art of living 
It's helps to improve your daily necessary behaviour, which is important in your future","Too much pressure to manage both.. 
Financial problem","STEM is more important for our academic life.. non STEM is too
But When non STEM will creat more pressure then it's",Female,2.75,3.0,5.0,Female
CSE (STEM),Less than 2.5,5,3rd,Agree,Neutral,Agree,Agree,Agree,Agree,Agree,Agree,Agree,Strongly disagree,Strongly disagree,Agree,Neutral,Neutral,Neutral,Philosophy,Retention style conflict,"STEM Courses: Logic, Precision, Innovation 
 Non-STEM Courses: Perspective, Communication, Humanity",Male,2.25,3.0,5.0,Male
CSE (STEM),3.50-3.75,4,21,Disagree,Agree,Disagree,Neutral,Disagree,Agree,Disagree,Agree,Agree,Agree,Agree,Agree,Neutral,Disagree,Neutral,Art of living,Time management,Non-stem courses need for all students but Stem courses and non-stem courses working time management little bit difficult.,Female,3.625,21.0,4.0,Female
CSE (STEM),3.25-3.50,2,3rd,Agree,Agree,Agree,Agree,Disagree,Agree,Agree,Agree,Agree,Disagree,Neutral,Neutral,Agree,Neutral,Agree,BNS,Time consuming,Yes,Male,3.375,3.0,2.0,Male
CSE (STEM),3.25-3.50,10,4,Neutral,Strongly agree,Disagree,Disagree,Strongly agree,Agree,Strongly agree,Neutral,Agree,Agree,Agree,Neutral,Neutral,Neutral,Disagree,Digital electronics,Projects,Non-STEM courses are not important because they do not directly contribute to technical knowledge or career growth in our field,Male,3.375,4.0,10.0,Male
CSE (STEM),2.5-3.00,2,3rd,Disagree,Disagree,Agree,Neutral,Neutral,Agree,Neutral,Agree,Neutral,Disagree,Neutral,Neutral,Agree,Neutral,Agree,BNS.,"While studying non-STEM courses, I sometimes struggle to balance my STEM studies because focusing too much on non-STEM subjects makes my STEM learning a bit disorganized.","STEM courses feel more practical for future careers, while non-STEM courses help improve thinking and creativity.",Male,2.75,3.0,2.0,Male
CSE (STEM),2.5-3.00,four,2025,Agree,Agree,Agree,Agree,Agree,Agree,Agree,Agree,Agree,Agree,Agree,Agree,Agree,Agree,Agree,Art of Living,time maintain,non stem is like optional,Male,2.75,2025.0,,Male
CSE (STEM),2.5-3.00,2,3rd,Agree,Agree,Agree,Agree,Agree,Agree,Agree,Agree,Agree,Agree,Agree,Agree,Agree,Agree,Agree,BNS,Time waist,Yes,Male,2.75,3.0,2.0,Male
CSE (STEM),3.50-3.75,6,4th,Disagree,Agree,Disagree,Disagree,Agree,Agree,Agree,Agree,Agree,Agree,Agree,Agree,Agree,Agree,Agree,English. Because it has increased my communication skill in English,Cant balance,STEM is full of technical terms and logical but non STEM is just the reading things I think,Female,3.625,4.0,6.0,Female
CSE (STEM),3.25-3.50,6,3rd,Agree,Neutral,Neutral,Agree,Neutral,Neutral,Agree,Neutral,Agree,Neutral,Strongly agree,Strongly agree,Strongly agree,Agree,Agree,AOL,Unnecessary topics,Nothing,Male,3.375,3.0,6.0,Male
CSE (STEM),2.5-3.00,Don't know,3rd,Neutral,Neutral,Neutral,Neutral,Neutral,Neutral,Neutral,Neutral,Neutral,Neutral,Neutral,Neutral,Neutral,Neutral,Neutral,English because of its speaking skill,Nothing,Good,Female,2.75,3.0,,Female
CSE (STEM),2.5-3.00,Not sure,4th,Agree,Neutral,Agree,Agree,Disagree,Neutral,Neutral,Neutral,Agree,Neutral,Neutral,Neutral,Neutral,Neutral,Neutral,-,-,-,Male,2.75,4.0,,Male
CSE (STEM),3.75-4.00,5,4th,Strongly agree,Strongly agree,Agree,Neutral,Strongly agree,Strongly agree,Disagree,Neutral,Agree,Strongly disagree,Agree,Agree,Neutral,Neutral,Neutral,"ENG113, this course has been beneficial  to me because it helps me to boost up my communication and presentation  skill in English.","Some non-STEM  courses  contains  too many theoretical  concept rather than providing conceptual context, as a result i faced imbalance","STEM courses sharpen problem-solving and technical skills, while non-STEM courses deepen creativity, communication, and understanding of human experience.",Female,3.875,4.0,5.0,Female
CSE (STEM),3.25-3.50,5,4th,Agree,Neutral,Agree,Agree,Agree,Agree,Agree,Strongly agree,Agree,Neutral,Strongly agree,Agree,Agree,Agree,Agree,"Art of Leaving, because it teaches me think out of the box",Time management,STEM,Male,3.375,4.0,5.0,Male
CSE (STEM),2.5-3.00,7-8,4th,Neutral,Neutral,Neutral,Neutral,Neutral,Neutral,Neutral,Neutral,Neutral,Neutral,Neutral,Neutral,Neutral,Neutral,Neutral,"Courses like English Communication and Bangladesh Studies have been most beneficial for me. English communication improved my presentation, report writing, and teamwork skills, which are very important in professional life. Bangladesh Studies gave me a better understanding of our culture and society, which helps me to think critically and responsibly as an engineer.","The main challenge I faced was managing time. STEM courses are highly technical and require long hours of coding, lab work, and problem-solving. On the other hand, non-STEM courses require reading, memorization, and writing assignments. Balancing both types of learning styles was sometimes difficult, especially during exam weeks",I believe both STEM and non-STEM courses are equally important,Male,2.75,4.0,7.5,Male
CSE (STEM),3.00-3.25,all,4th,Agree,Neutral,Disagree,Neutral,Strongly agree,Neutral,Disagree,Agree,Neutral,Agree,Neutral,Agree,Neutral,Neutral,Neutral,Not all courses think the benefits,"Non -STEM courses are high in theory, but STEM courses are Math Related which is good for me","STEM drives technology and innovation, while non-STEM enriches values, culture, and society—both are equally essential.",Male,3.125,4.0,,Male
CSE (STEM),3.50-3.75,12,4th,Agree,Neutral,Neutral,Agree,Strongly agree,Agree,Strongly agree,Strongly agree,Agree,Agree,Agree,Neutral,Agree,Neutral,Agree,Basic Electronic,"Not matched with my selected path Non-STEM. 
STEM subject help to know about my subject related topic.",STEM,Male,3.625,4.0,12.0,Male
CSE (STEM),2.5-3.00,Lots of,4th,Neutral,Disagree,Strongly disagree,Strongly disagree,Neutral,Neutral,Neutral,Neutral,Agree,Strongly agree,Neutral,Neutral,Agree,Agree,Neutral,Math.It also Thinking logic and solving problem,Also effect in study life.Problem of balancing result and skill growing.,.,Male,2.75,4.0,,Male
CSE (STEM),3.50-3.75,5,4th Year,Agree,Neutral,Strongly agree,Agree,Agree,Strongly agree,Agree,Agree,Neutral,Agree,Agree,Strongly agree,Neutral,Agree,Agree,Accounting  / Economics → Useful for understanding economics or management in real life,"Time Management : STEM courses have a lot of labs, projects, and practices; non-STEM courses have a lot of studying, assignments, and research papers. Balancing the two together can be time-consuming.","Stem course :Develops logical thinking, problem-solving, and analytical skills.
Non-Stem course:Increases communication, critical thinking, and creativity.",Male,3.625,4.0,5.0,Male
CSE (STEM),3.25-3.50,15,9th semester,Agree,Agree,Agree,Agree,Agree,Agree,Agree,Agree,Agree,Agree,Agree,Agree,Agree,Agree,Agree,Not sure,Some misguides,Have to think,Male,3.375,9.0,15.0,Male
CSE (STEM),3.50-3.75,7,4th,Agree,Strongly agree,Neutral,Agree,Agree,Strongly agree,Neutral,Neutral,Neutral,Disagree,Neutral,Neutral,Agree,Agree,Agree,Art of Living. Because it helps me in my daily life and activities.,"STEM courses are logical and/or practical. But non-STEM courses are often theoratical. Logical and practical things can be easily covered by me. However, theoratical things are sometimes pathetic to read and memorise.",STEM courses are logical and/or practical. But non-STEM courses are often theoratical.,Male,3.625,4.0,7.0,Male
CSE (STEM),3.25-3.50,7,2025,Neutral,Agree,Agree,Neutral,Strongly agree,Agree,Neutral,Agree,Neutral,Disagree,Neutral,Neutral,Disagree,Neutral,Neutral,Accountings,Time management,STEM courses are more easy to understand than non-STEM courses,Male,3.375,2025.0,7.0,Male
CSE (STEM),3.75-4.00,6,Final,Agree,Agree,Strongly agree,Agree,Strongly agree,Strongly agree,Strongly agree,Strongly agree,Strongly agree,Agree,Strongly agree,Strongly agree,Disagree,Agree,Agree,"Art of Living
Why: This course teaches the basic manners we need in life, which are important for everyone.",Course load,Sometimes non-Stem courses are valueless in real life.,Male,3.875,,6.0,Male
CSE (STEM),2.5-3.00,7,9th,Agree,Agree,Disagree,Disagree,Agree,Agree,Strongly agree,Neutral,Neutral,Agree,Neutral,Agree,Agree,Neutral,Neutral,Art of living,,,Male,2.75,9.0,7.0,Male
CSE (STEM),3.25-3.50,6/7,4th,Agree,Agree,Agree,Agree,Agree,Agree,Disagree,Disagree,Agree,Disagree,Neutral,Agree,Neutral,Agree,Agree,"Business Application Design and Employability I guess. Because as a business interested person, the course contents were greatly relevant to my interest. So I enjoyed the course and learned so many interesting insights.","As we get a short time to complete the syllabus, in order to complete non-STEM courses, we cannot focus on our main courses or STEM courses properly.","According to my perspective, universities course curriculum should be more STEM centric. Non-STEM courses are helpful but I guess not mandatory. Students could learn it either. Not necessary these courses should be included to the university's course curriculum. If there is a huge numbers of non-STEM courses with large numbers of credit, it is con-currently waste of time and waste of money. In fact in the cases when we want to transfer our credit to another international universities, maximum of these non-STEM courses do not match, so those universities accept very less credits than we completed.",Female,3.375,4.0,6.5,Female
CSE (STEM),3.00-3.25,3,2,Agree,Agree,Strongly agree,Strongly agree,Agree,Strongly agree,Agree,Agree,Strongly agree,Disagree,Neutral,Agree,Agree,Agree,Strongly agree,Communication,"1. Workload
2. Time management
3. Focus shift
4. Stress","1. STEM-focused
2. Complementary
3. Challenging balance
4. Skill-building",Male,3.125,2.0,3.0,Male
CSE (STEM),2.5-3.00,4/5,2 nd,Disagree,Agree,Agree,Agree,Neutral,Neutral,Neutral,Neutral,Neutral,Neutral,Neutral,Neutral,Neutral,Neutral,Neutral,None,Time,?,Male,2.75,2.0,4.5,Male
CSE (STEM),2.5-3.00,"4  ---   ENG 1,2 , Art of living, bangladesh studies",3rd,Disagree,Neutral,Neutral,Neutral,Agree,Agree,Agree,Neutral,Neutral,Strongly agree,Strongly agree,Strongly agree,Disagree,Neutral,Neutral,Basic English(ENG 101) . it strengthened my academic writing and speaking skills.,"most of them was just theory, it takes too much time.","Some was fully irrelevant, like Bangladesh Studies. Art of living slightly necessary for real life but no need to teach in university level. Two English courses was good but one can be enough. overall non-stem courses aren't necessary.",Male,2.75,3.0,2.3333333333333335,Male
CSE (STEM),3.50-3.75,4,3,Agree,Agree,Agree,Neutral,Strongly agree,Neutral,Neutral,Disagree,Neutral,Disagree,Agree,Neutral,Agree,Agree,Strongly agree,Two English courses for better communications and Art of Living for ethics and morlity.,"STEM courses seems easier to me but non-STEM courses needs memorising, practising more, sometimes works on outside or filming story.",STEM courses are easy to understand and apply. Non-STEM courses sometimes need remembering or memorising.,Female,3.625,3.0,4.0,Female
CSE (STEM),3.25-3.50,4,22,Agree,Strongly agree,Neutral,Neutral,Strongly agree,Strongly agree,Agree,Agree,Strongly agree,Neutral,Agree,Agree,Neutral,Neutral,Neutral,English,Overload,Most of the non-STEM courses are unnecessary,Male,3.375,22.0,4.0,Male
CSE (STEM),3.25-3.50,15,3rd,Disagree,Agree,Agree,Agree,Strongly agree,Neutral,Agree,Agree,Agree,Neutral,Strongly agree,Agree,Neutral,Agree,Agree,Statistics,Theory and Logical  balancing,Stem,Male,3.375,3.0,15.0,Male
CSE (STEM),3.00-3.25,I didn't count,Fall 2025,Strongly agree,Strongly agree,Strongly disagree,Strongly disagree,Strongly agree,Strongly agree,Strongly agree,Strongly agree,Strongly agree,Strongly agree,Strongly agree,Strongly agree,Strongly disagree,Strongly disagree,Neutral,Arts of Living because this is basic human need,Too much load,Stem is interesting because this is the feild we have interest.... But non stem is kind of forcefully studying without any interest,Female,3.125,2025.0,,Female
CSE (STEM),2.5-3.00,Yes,4-2,Neutral,Neutral,Neutral,Neutral,Neutral,Neutral,Neutral,Neutral,Neutral,Agree,Agree,Disagree,Neutral,Agree,Agree,For social work,Hard,.,Female,2.75,4.0,,Female
CSE (STEM),3.25-3.50,5,4th,Neutral,Neutral,Neutral,Agree,Strongly agree,Strongly agree,Strongly agree,Strongly agree,Strongly agree,Strongly agree,Strongly agree,Strongly agree,Disagree,Disagree,Neutral,"One non-STEM course that has been most beneficial to me is Art of Living. This subject teaches not only moral values but also practical skills for handling stress, relationships and daily challenges. It has helped me develop patience, empathy and positive thinking. These lessons go beyond academics — they guide me in becoming a balanced person, improving both my personal life and how I work with others.","Time pressure: STEM subjects usually require problem-solving and practice, while non-STEM subjects often need reading, writing, or reflection. Managing both types can feel overwhelming.

Different skill sets: STEM is more logic-based, while non-STEM is about expression, analysis and creativity. Switching between them can be tough.

Priority conflict: Sometimes students give more attention to STEM (since it's career-focused) and struggle to give equal importance to non-STEM.","I think both STEM and non-STEM courses are important, but they help in different ways. STEM courses train us in problem-solving, logic, and innovation — skills that are essential for careers in science and technology. On the other hand, non-STEM courses like Art of Living, literature, or history help us understand people, values, and society. They build creativity, communication, and emotional intelligence.

To me, it's not really ""STEM versus non-STEM."" Instead, they complement each other. A good education should develop both the mind and the heart. STEM may prepare us for jobs, but non-STEM prepares us for life.",Male,3.375,4.0,5.0,Male
CSE (STEM),3.25-3.50,More than 5,4,Strongly agree,Neutral,Neutral,Agree,Strongly agree,Agree,Agree,Agree,Agree,Neutral,Agree,Agree,Agree,Agree,Strongly agree,"The most beneficial non-STEM course for me is the Art of Living course, because it helped me manage stress and develop a positive mindset.","The main challenge I faced was managing time, as STEM courses required technical practice while non-STEM courses needed more reading and writing.","In my perspective, STEM courses build technical and problem-solving skills, while non-STEM courses develop creativity, communication, and critical thinking—both are important for overall growth.",Female,3.375,4.0,5.0,Female
CSE (STEM),Less than 2.5,10,3rd,Strongly agree,Agree,Strongly disagree,Strongly agree,Strongly agree,Strongly agree,Strongly agree,Strongly agree,Strongly agree,Strongly agree,Strongly agree,Strongly agree,Neutral,Strongly disagree,Neutral,"I think Art Of Living course may be benificial to me. Becouse, this course provides much learning for our carrier and understanding how communication network built among our carrier.",It would affect my cgpa for the STEM courses and I have been struggled more with the non-STEM courses. It affect my cgpa very deeply.,"non-STEM courses may helpful. But I think it would be a waste of time. Rather than non-STEM courses, we can have industry related workloads and visits to the sector that we are going for. In my opinion, the cost of the non-STEM course should be replaced with the industry visit workout.",Male,2.25,3.0,10.0,Male
CSE (STEM),3.75-4.00,4,3,Neutral,Strongly disagree,Agree,Agree,Strongly agree,Agree,Strongly disagree,Agree,Strongly agree,Agree,Neutral,Disagree,Agree,Disagree,Agree,English 101 & 102. In every step of my life it'll be used for communicating.,"non STEM course is mostly theoretical, that demands more time but not to much useful in our life",We Should focus more on STEM Courses and need to decrease credit on non-STEM courses,Male,3.875,3.0,4.0,Male
CSE (STEM),2.5-3.00,Around 19,4th,Agree,Agree,Agree,Agree,Strongly agree,Agree,Agree,Agree,Agree,Agree,Agree,Agree,Disagree,Disagree,Disagree,Economics & Accounting. Because I have a little interest in those subject.,"Most of the non-STEM courses were theory. And I don't have much interest in theory and I can't remember much. And to do theory courses well, you have to devote a lot of time to these courses. So it was getting a little tough for me.","In my opinion, there are some non-STEM courses that we don't need. It would be better to eliminate these courses. Instead, I think it would be more beneficial to study by including STEM in our curriculum.",Male,2.75,4.0,19.0,Male
CSE (STEM),2.5-3.00,No,4th,Neutral,Neutral,Agree,Neutral,Disagree,Disagree,Agree,Disagree,Neutral,Strongly disagree,Strongly disagree,Disagree,Neutral,Strongly disagree,Strongly disagree,Yes,No,No,Female,2.75,4.0,,Female
CSE (STEM),3.75-4.00,10,2nd year,Agree,Agree,Agree,Agree,Neutral,Neutral,Agree,Neutral,Agree,Neutral,Neutral,Neutral,Agree,Agree,Strongly agree,Art of Living,Non- STEM course has done bad in my CGPA,"I think some Non Stem course add only those needed most, i think we have to much non-stem course",Male,3.875,2.0,10.0,Male
CSE (STEM),3.75-4.00,11,3rd,Agree,Agree,Disagree,Agree,Agree,Neutral,Agree,Agree,Agree,Agree,Neutral,Neutral,Disagree,Agree,Agree,Accounting becouse i think it will help me to understand how business work.,I think those course are much time consuming,Actually non STEM subjects have less logical things then STEM subjects. Sometimes it's doesn't make sense to me but i still read without learn anything. If there was no exams for STEM subjects then it would be ok i think. Becouse i read personal development books which are also NON STEM course category books.,Male,3.875,3.0,11.0,Male
CSE (STEM),3.75-4.00,around 8-10 i guess,"3rd, L3T3",Neutral,Agree,Agree,Agree,Agree,Agree,Disagree,Disagree,Agree,Disagree,Disagree,Disagree,Agree,Agree,Agree,"art of living, taught many lifelessons",balancing time for both,"I think both are important for overall development, stem for",Male,3.875,3.0,9.0,Male
CSE (STEM),3.00-3.25,6,4th,Strongly disagree,Strongly disagree,Disagree,Neutral,Neutral,Neutral,Neutral,Neutral,Neutral,Neutral,Neutral,Neutral,Neutral,Neutral,Neutral,"Philosophy and communication courses helped me think critically and explain complex ideas clearly.They built skills that STEM alone couldn't—like reasoning, empathy, and effective teamwork.","The biggest challenge was managing the different mindsets—STEM demanded precision and problem-solving, while non-STEM required reflection and creativity.
Balancing time between heavy technical assignments and long reading/writing tasks was also tough.","STEM builds technical problem-solving skills, while non-STEM strengthens critical thinking, creativity, and communication.
Together, they balance each other and create a more complete way of learning and working.",Male,3.125,4.0,6.0,Male
CSE (STEM),3.25-3.50,10,2nd,Neutral,Agree,Agree,Neutral,Neutral,Agree,Neutral,Neutral,Neutral,Neutral,Neutral,Neutral,Agree,Agree,Agree,"AOL cause in this course I Learn a lot about moral, belives etc.",Sometimes non-STEM becomes more pressure,There good in there own way.,Female,3.375,2.0,10.0,Female
CSE (STEM),3.25-3.50,8,4th,Agree,Agree,Agree,Neutral,Neutral,Agree,Strongly agree,Neutral,Agree,Strongly agree,Strongly agree,Strongly agree,Agree,Disagree,Disagree,History of bangladesh and bangla language,Had to take some pressure.,I don't want to do non-STEM  subjects.,Male,3.375,4.0,8.0,Male
CSE (STEM),Less than 2.5,5,4th Year,Neutral,Neutral,Agree,Agree,Neutral,Neutral,Neutral,Disagree,Disagree,Disagree,Disagree,Disagree,Agree,Agree,Agree,Economics.,Nothing.,These two courses are very important.,Male,2.25,4.0,5.0,Male
CSE (STEM),3.25-3.50,10,4rth,Agree,Agree,Neutral,Agree,Neutral,Neutral,Agree,Agree,Agree,Agree,Agree,Strongly agree,Strongly agree,Agree,Agree,Philosophy and Communication Studies have been most beneficial to me because they sharpened my critical thinking and improved how I express ideas clearly.,Balancing STEM and non-STEM coursework has been challenging because STEM classes demand heavy problem-solving while non-STEM require extensive reading and writing. Managing time and switching between analytical and creative thinking has been the biggest hurdle.,"STEM builds technical and problem-solving skills, while non-STEM develops critical thinking, creativity, and communication—together creating a well-rounded education.",Male,3.375,4.0,10.0,Male
CSE (STEM),3.25-3.50,8,4rth year,Agree,Neutral,Agree,Neutral,Strongly agree,Agree,Agree,Neutral,Agree,Agree,Disagree,Neutral,Agree,Agree,Neutral,English Communication has been most beneficial because it improved my writing and presentation skills.,Handling different study methods of STEM and non-STEM required extra effort.,"STEM builds technical skills, non-STEM improves communication and critical thinking.",Female,3.375,4.0,8.0,Female
CSE (STEM),3.75-4.00,12,4th Year,Strongly disagree,Disagree,Agree,Neutral,Neutral,Disagree,Neutral,Disagree,Disagree,Strongly disagree,Disagree,Neutral,Strongly agree,Agree,Agree,"Social And Professional Issues, Art of Living",Nothing Much,Good to have Non-STEM course for ethics and other responsibilities,Male,3.875,4.0,12.0,Male
CSE (STEM),3.00-3.25,10,4th,Neutral,Agree,Agree,Neutral,Agree,Strongly agree,Strongly agree,Agree,Agree,Neutral,Agree,Strongly agree,Agree,Agree,Neutral,"Communication 

 Helps in explaining technical ideas to non-technical people (like in presentations, project defenses, or job interviews)",Time management,"STEM courses give me the technical skills to build and solve problems, while non-STEM courses improve my communication, creativity, and perspective-together making a balanced foundation for real-world success.",Male,3.125,4.0,10.0,Male
CSE (STEM),3.50-3.75,3,4th,Disagree,Disagree,Neutral,Disagree,Agree,Disagree,Agree,Disagree,Disagree,Agree,Agree,Strongly agree,Neutral,Disagree,Disagree,Basic English has been particularly beneficial because it helped me strengthen my communication skills and understand the structure of language tests.,Nothing special apart from learning more about historical events was painful.,"STEM courses should remain the main focus for developing technical and analytical skills. Non-STEM courses also play an important role by broadening, improving communication.",Male,3.625,4.0,3.0,Male
CSE (STEM),3.00-3.25,4,4th,Disagree,Agree,Agree,Neutral,Strongly agree,Agree,Strongly agree,Agree,Strongly agree,Strongly agree,Agree,Strongly agree,Neutral,Neutral,Neutral,,time management,non-STEM are not important for STEM students,Male,3.125,4.0,4.0,Male
CSE (STEM),2.5-3.00,4,2nd,Strongly disagree,Agree,Strongly disagree,Strongly agree,Strongly agree,Strongly agree,Strongly agree,Strongly agree,Strongly agree,Strongly agree,Strongly agree,Strongly agree,Strongly disagree,Neutral,Strongly disagree,"Bangladesh Studies, I get to know about my country and the foreign politics.",memorizing,"While non-STEM courses such as arts, humanities, and social sciences have value in promoting creativity and critical thinking, they are often criticized for lacking direct career pathways and measurable skills compared to STEM fields. Many non-STEM degrees may not guarantee employability in today's technology-driven job market, leaving graduates struggling to find stable or high-paying jobs. Another drawback is that the content of some non-STEM programs can feel more theoretical than practical, with fewer opportunities to apply knowledge in real-world industries. In contrast, STEM courses typically provide clear technical expertise, problem-solving skills, and a higher demand in global markets. As a result, non-STEM courses are sometimes perceived as less relevant or less impactful in shaping future-ready professionals.",Male,2.75,2.0,4.0,Male
CSE (STEM),3.00-3.25,7 or 8,22,Strongly agree,Strongly agree,Agree,Agree,Strongly disagree,Strongly disagree,Agree,Agree,Agree,Neutral,Agree,Neutral,Strongly agree,Agree,Agree,Math,Nothing,Nothing,Female,3.125,22.0,7.5,Female
CSE (STEM),3.00-3.25,5,4th year(Final),Disagree,Disagree,Agree,Agree,Neutral,Disagree,Neutral,Disagree,Disagree,Disagree,Neutral,Disagree,Neutral,Agree,Agree,Art of Living because many knowledge about lifestyle(e.g. Etiquette and Manners) were gain by completing this non-STEM course.,"1. More critical thinking. 
2. Activities (indoor and outdoor) related to non-STEM are based on our thoughts and ideas, It Doesn't need mathematical or technical knowledge.",Non-STEM courses introduced us to doing group work which will help us to giving a path or opening many doors of the corporate life also we gained experience.,Male,3.125,4.0,5.0,Male
CSE (STEM),Less than 2.5,Maybe 7,4th,Agree,Neutral,Neutral,Neutral,Agree,Agree,Agree,Neutral,Agree,Neutral,Strongly agree,Neutral,Neutral,Neutral,Neutral,"Arts of living.
Because this course is basic human etiquette related.",Time management,Necessary 🆚 Unnecessary,Female,2.25,4.0,7.0,Female
CSE (STEM),3.25-3.50,9,Fourth,Neutral,Neutral,Disagree,Agree,Agree,Neutral,Neutral,Disagree,Agree,Neutral,Agree,Disagree,Neutral,Disagree,Neutral,Statistics for increasing my knowledge in that side.,nothing,some are good some feels illogical to me for cse student,Male,3.375,,9.0,Male
CSE (STEM),3.50-3.75,7,4th,Strongly agree,Agree,Disagree,Neutral,Strongly agree,Strongly agree,Strongly agree,Strongly agree,Strongly agree,Strongly agree,Strongly agree,Strongly agree,Disagree,Disagree,Disagree,Financial and managerial accounting and Economics. These two made me understand how money works in real life in a broader sense.,Non-STEM subjects takes a lot of effort and memorizing compared to STEM subjects.,"The two courses listed above was really helpful. Anything other than that was a waste of my time, effort, brainpower and money.",Female,3.625,4.0,7.0,Female
CSE (STEM),3.50-3.75,Can't remember,4,Disagree,Agree,Agree,Agree,Agree,Neutral,Disagree,Disagree,Agree,Neutral,Neutral,Disagree,Agree,Agree,Agree,English...it improved my grammartical knowledge more or less.,Shifting my mindset from critical thinking to constant reading.,Stem courses help us to build technical skill and non-stem helps us to build soft skill,Male,3.625,4.0,,Male
CSE (STEM),2.5-3.00,Didn't count,2nd,Neutral,Agree,Agree,Agree,Agree,Agree,Strongly agree,Agree,Agree,Neutral,Agree,Disagree,Agree,Neutral,Agree,.,.,.,Male,2.75,2.0,,Male
CSE (STEM),3.50-3.75,"Art of living, Bangladesh Studies",2nd year,Neutral,Agree,Strongly agree,Strongly agree,Agree,Agree,Neutral,Agree,Agree,Disagree,Disagree,Neutral,Strongly disagree,Agree,Agree,"Art of Living – because it helps me manage stress, stay focused, and develop practical life skills.","I have faced challenges like managing different types of assignments, adjusting my learning style for non-STEM subjects, and balancing time between problem-solving STEM tasks and reading or writing-heavy non-STEM coursework. This sometimes leaves me mentally tired and with less time for personal activities.","STEM courses help develop logical thinking, problem-solving skills, and technical knowledge, while non-STEM courses broaden my perspective, improve critical thinking, and teach life and social skills. Both are important, and combining them makes my learning more well-rounded.",Female,3.625,2.0,,Female
CSE (STEM),3.50-3.75,7,4th,Neutral,Neutral,Agree,Agree,Agree,Agree,Neutral,Neutral,Neutral,Disagree,Disagree,Neutral,Agree,Neutral,Agree,Art of living,it was suitable for me. there were no challenges for me,both are important for our future,Male,3.625,4.0,7.0,Male
CSE (STEM),3.50-3.75,7,4th year,Agree,Agree,Neutral,Neutral,Disagree,Agree,Agree,Agree,Agree,Agree,Agree,Agree,Disagree,Disagree,Neutral,Accounting.we gained knowledges to handle business,Most of the non-stem courses are theory that's why it's hard to remember. Stem course not much more hard than non-stem,Non-stem courses should be avoided.,Male,3.625,4.0,7.0,Male
CSE (STEM),3.00-3.25,7/8,4th year,Neutral,Agree,Agree,Agree,Neutral,Agree,Neutral,Agree,Agree,Neutral,Neutral,Agree,Agree,Agree,Neutral,Arts of Living,Memorising,No,Male,3.125,4.0,7.5,Male
